"","id2","user","time","entry","id_par2","comment_score","controversiality","comment"
"1",1,"VerbotenPublish",1,1,1,999,999,"x"
"2",2,"Dregoba",1,1,1,1,0,"People are reading the reading ""The Revolutionary Phenotype"" and worrying about both"
"3",2,"Dregoba",2,1,1,1,0,"People are reading the reading ""The Revolutionary Phenotype"" and worrying about both"
"4",3,"Useful44723",2,2,1,1,0,"Ok what about AI gaining access to editing genes to build a new supermonster roaming the streets then."
"5",2,"Dregoba",3,1,1,2,0,"People are reading the reading ""The Revolutionary Phenotype"" and worrying about both"
"6",3,"Useful44723",3,2,1,1,0,"Ok what about AI gaining access to editing genes to build a new supermonster roaming the streets then."
"7",2,"Dregoba",4,1,1,2,0,"People are reading the reading ""The Revolutionary Phenotype"" and worrying about both"
"8",3,"Useful44723",4,2,1,1,0,"Ok what about AI gaining access to editing genes to build a new supermonster roaming the streets then."
"9",2,"Dregoba",5,1,1,2,0,"People are reading the reading ""The Revolutionary Phenotype"" and worrying about both"
"10",3,"Useful44723",5,2,1,1,0,"Ok what about AI gaining access to editing genes to build a new supermonster roaming the streets then."
"11",2,"Dregoba",6,1,1,2,0,"People are reading the reading ""The Revolutionary Phenotype"" and worrying about both"
"12",3,"Useful44723",6,2,1,1,0,"Ok what about AI gaining access to editing genes to build a new supermonster roaming the streets then."
"13",2,"Dregoba",7,1,1,2,0,"People are reading the reading ""The Revolutionary Phenotype"" and worrying about both"
"14",3,"Useful44723",7,2,1,1,0,"Ok what about AI gaining access to editing genes to build a new supermonster roaming the streets then."
"15",2,"Dregoba",8,1,1,2,0,"People are reading the reading ""The Revolutionary Phenotype"" and worrying about both"
"16",3,"Useful44723",8,2,1,1,0,"Ok what about AI gaining access to editing genes to build a new supermonster roaming the streets then."
"17",2,"Dregoba",9,1,1,2,0,"People are reading the reading ""The Revolutionary Phenotype"" and worrying about both"
"18",3,"Useful44723",9,2,1,1,0,"Ok what about AI gaining access to editing genes to build a new supermonster roaming the streets then."
"19",2,"Dregoba",10,1,1,2,0,"People are reading the reading ""The Revolutionary Phenotype"" and worrying about both"
"20",3,"Useful44723",10,2,1,1,0,"Ok what about AI gaining access to editing genes to build a new supermonster roaming the streets then."
"21",2,"Dregoba",11,1,1,2,0,"People are reading the reading ""The Revolutionary Phenotype"" and worrying about both"
"22",3,"Useful44723",11,2,1,1,0,"Ok what about AI gaining access to editing genes to build a new supermonster roaming the streets then."
"23",2,"Dregoba",12,1,1,2,0,"People are reading the reading ""The Revolutionary Phenotype"" and worrying about both"
"24",3,"Useful44723",12,2,1,1,0,"Ok what about AI gaining access to editing genes to build a new supermonster roaming the streets then."
"25",2,"Dregoba",13,1,1,2,0,"People are reading the reading ""The Revolutionary Phenotype"" and worrying about both"
"26",3,"Useful44723",13,2,1,1,0,"Ok what about AI gaining access to editing genes to build a new supermonster roaming the streets then."
"27",2,"Dregoba",14,1,1,2,0,"People are reading the reading ""The Revolutionary Phenotype"" and worrying about both"
"28",3,"Useful44723",14,2,1,1,0,"Ok what about AI gaining access to editing genes to build a new supermonster roaming the streets then."
"29",2,"Dregoba",15,1,1,2,0,"People are reading the reading ""The Revolutionary Phenotype"" and worrying about both"
"30",3,"Useful44723",15,2,1,1,0,"Ok what about AI gaining access to editing genes to build a new supermonster roaming the streets then."
"31",4,"KingVario",15,15,3,1,0,"Nah, thats DC comics nonesense, AI would build new humans that would do its bidding but i doubt it would its much harder to make a biological being than it is to make a mechanical one.

&amp;#x200B;

I think the point of that guy is that we should worry about humans gene editing new generations that will dominate us the less smart chimps."
"32",2,"Dregoba",16,1,1,2,0,"People are reading the reading ""The Revolutionary Phenotype"" and worrying about both"
"33",3,"Useful44723",16,2,1,1,0,"Ok what about AI gaining access to editing genes to build a new supermonster roaming the streets then."
"34",4,"KingVario",16,15,3,1,0,"Nah, thats DC comics nonesense, AI would build new humans that would do its bidding but i doubt it would its much harder to make a biological being than it is to make a mechanical one.

&amp;#x200B;

I think the point of that guy is that we should worry about humans gene editing new generations that will dominate us the less smart chimps."
